url,page_type,tier,cluster,location,location_type,county,primary_kw,kw_basis,water_utility_verified,hardness_verified,zips,publish_gate
/,home,core,water-treatment-purification,,,,water treatment columbus ohio,autocomplete evidence (Columbus/near-me level),n/a,n/a,,ok
/water-softener-installation/,service-hub,core,water-softener-installation,,,,water softener installation columbus ohio,autocomplete evidence (Columbus/near-me level),n/a,n/a,,ok
/water-softener-repair/,service-hub,core,water-softener-repair-service,,,,water softener repair columbus ohio,autocomplete evidence (Columbus/near-me level),n/a,n/a,,ok
/whole-house-water-filtration/,service-hub,core,whole-house-water-filtration,,,,whole house water filter installation columbus ohio,autocomplete evidence (Columbus/near-me level),n/a,n/a,,ok
/reverse-osmosis-installation/,service-hub,core,reverse-osmosis,,,,reverse osmosis columbus ohio,autocomplete evidence (Columbus/near-me level),n/a,n/a,,ok
/well-water-treatment/,service-hub,core,well-water-treatment,,,,well water treatment columbus ohio,autocomplete evidence (Columbus/near-me level),n/a,n/a,,ok
/water-testing/,service-hub,core,water-testing,,,,water testing columbus ohio,autocomplete evidence (Columbus/near-me level),n/a,n/a,,ok
/well-water-testing/,service-hub,core,water-testing,,,,well water testing columbus ohio,autocomplete evidence (Columbus/near-me level),n/a,n/a,,ok
/iron-sulfur-removal/,service-hub,core,iron-sulfur-removal,,,,iron filter for well water,autocomplete evidence (Columbus/near-me level),n/a,n/a,,ok
/uv-water-purification/,service-hub,core,uv-water-purification,,,,uv water filter installation,autocomplete evidence (Columbus/near-me level),n/a,n/a,,ok
/pfas-water-filtration/,service-hub,core,pfas-removal,,,,pfas water filter,autocomplete evidence (Columbus/near-me level),n/a,n/a,,ok
/salt-free-water-conditioners/,service-hub,core,salt-free-water-conditioner,,,,salt free water softener installation,autocomplete evidence (Columbus/near-me level),n/a,n/a,,ok
/under-sink-water-filters/,service-hub,core,under-sink-drinking-water-filters,,,,under sink water filter installation,autocomplete evidence (Columbus/near-me level),n/a,n/a,,ok
/water-softeners/,guide-hub,core,water-softener-systems,,,,water softener system,autocomplete evidence (Columbus/near-me level),n/a,n/a,,ok
/columbus-water-hardness/,local-data,core,hard-water-treatment,,,,hard water columbus ohio,autocomplete evidence (Columbus/near-me level),n/a,n/a,,ok
/columbus-water-quality/,local-data,core,water-testing,,,,columbus ohio water quality report,autocomplete evidence (Columbus/near-me level),n/a,n/a,,ok
/service-area/,service-area-index,core,water-treatment-purification,,,,water treatment central ohio,templated local variant (no city-level autocomplete evidence; justified by near-me demand + local data),n/a,n/a,,ok
/service-area/newark-oh/,location-hub,A,water-treatment-purification,Newark,city,Licking County,water treatment newark oh,templated local variant (no city-level autocomplete evidence; justified by near-me demand + local data),yes,yes,43055 43056 43058 43093,ok
/water-softener-installation/newark-oh/,service-x-location,A,water-softener-installation,Newark,city,Licking County,water softener installation newark oh,templated local variant (no city-level autocomplete evidence; justified by near-me demand + local data),yes,yes,43055 43056 43058 43093,ok
/water-softener-repair/newark-oh/,service-x-location,A,water-softener-repair-service,Newark,city,Licking County,water softener repair newark oh,templated local variant (no city-level autocomplete evidence; justified by near-me demand + local data),yes,yes,43055 43056 43058 43093,ok
/whole-house-water-filtration/newark-oh/,service-x-location,A,whole-house-water-filtration,Newark,city,Licking County,whole house water filtration newark oh,templated local variant (no city-level autocomplete evidence; justified by near-me demand + local data),yes,yes,43055 43056 43058 43093,ok
/reverse-osmosis-installation/newark-oh/,service-x-location,A,reverse-osmosis,Newark,city,Licking County,reverse osmosis installation newark oh,templated local variant (no city-level autocomplete evidence; justified by near-me demand + local data),yes,yes,43055 43056 43058 43093,ok
/service-area/dublin-oh/,location-hub,A,water-treatment-purification,Dublin,city,Franklin County,water treatment dublin oh,templated local variant (no city-level autocomplete evidence; justified by near-me demand + local data),yes,yes,43016 43017,ok
/water-softener-installation/dublin-oh/,service-x-location,A,water-softener-installation,Dublin,city,Franklin County,water softener installation dublin oh,templated local variant (no city-level autocomplete evidence; justified by near-me demand + local data),yes,yes,43016 43017,ok
/water-softener-repair/dublin-oh/,service-x-location,A,water-softener-repair-service,Dublin,city,Franklin County,water softener repair dublin oh,templated local variant (no city-level autocomplete evidence; justified by near-me demand + local data),yes,yes,43016 43017,ok
/whole-house-water-filtration/dublin-oh/,service-x-location,A,whole-house-water-filtration,Dublin,city,Franklin County,whole house water filtration dublin oh,templated local variant (no city-level autocomplete evidence; justified by near-me demand + local data),yes,yes,43016 43017,ok
/reverse-osmosis-installation/dublin-oh/,service-x-location,A,reverse-osmosis,Dublin,city,Franklin County,reverse osmosis installation dublin oh,templated local variant (no city-level autocomplete evidence; justified by near-me demand + local data),yes,yes,43016 43017,ok
/service-area/delaware-oh/,location-hub,A,water-treatment-purification,Delaware,city,Delaware County,water treatment delaware oh,templated local variant (no city-level autocomplete evidence; justified by near-me demand + local data),yes,no,43015,ok
/water-softener-installation/delaware-oh/,service-x-location,A,water-softener-installation,Delaware,city,Delaware County,water softener installation delaware oh,templated local variant (no city-level autocomplete evidence; justified by near-me demand + local data),yes,no,43015,ok
/water-softener-repair/delaware-oh/,service-x-location,A,water-softener-repair-service,Delaware,city,Delaware County,water softener repair delaware oh,templated local variant (no city-level autocomplete evidence; justified by near-me demand + local data),yes,no,43015,ok
/whole-house-water-filtration/delaware-oh/,service-x-location,A,whole-house-water-filtration,Delaware,city,Delaware County,whole house water filtration delaware oh,templated local variant (no city-level autocomplete evidence; justified by near-me demand + local data),yes,no,43015,ok
/reverse-osmosis-installation/delaware-oh/,service-x-location,A,reverse-osmosis,Delaware,city,Delaware County,reverse osmosis installation delaware oh,templated local variant (no city-level autocomplete evidence; justified by near-me demand + local data),yes,no,43015,ok
/service-area/grove-city-oh/,location-hub,A,water-treatment-purification,Grove City,city,Franklin County,water treatment grove city oh,templated local variant (no city-level autocomplete evidence; justified by near-me demand + local data),yes,yes,43123,ok
/water-softener-installation/grove-city-oh/,service-x-location,A,water-softener-installation,Grove City,city,Franklin County,water softener installation grove city oh,templated local variant (no city-level autocomplete evidence; justified by near-me demand + local data),yes,yes,43123,ok
/water-softener-repair/grove-city-oh/,service-x-location,A,water-softener-repair-service,Grove City,city,Franklin County,water softener repair grove city oh,templated local variant (no city-level autocomplete evidence; justified by near-me demand + local data),yes,yes,43123,ok
/whole-house-water-filtration/grove-city-oh/,service-x-location,A,whole-house-water-filtration,Grove City,city,Franklin County,whole house water filtration grove city oh,templated local variant (no city-level autocomplete evidence; justified by near-me demand + local data),yes,yes,43123,ok
/reverse-osmosis-installation/grove-city-oh/,service-x-location,A,reverse-osmosis,Grove City,city,Franklin County,reverse osmosis installation grove city oh,templated local variant (no city-level autocomplete evidence; justified by near-me demand + local data),yes,yes,43123,ok
/service-area/reynoldsburg-oh/,location-hub,A,water-treatment-purification,Reynoldsburg,city,Franklin County,water treatment reynoldsburg oh,templated local variant (no city-level autocomplete evidence; justified by near-me demand + local data),yes,yes,43068 43069,ok
/water-softener-installation/reynoldsburg-oh/,service-x-location,A,water-softener-installation,Reynoldsburg,city,Franklin County,water softener installation reynoldsburg oh,templated local variant (no city-level autocomplete evidence; justified by near-me demand + local data),yes,yes,43068 43069,ok
/water-softener-repair/reynoldsburg-oh/,service-x-location,A,water-softener-repair-service,Reynoldsburg,city,Franklin County,water softener repair reynoldsburg oh,templated local variant (no city-level autocomplete evidence; justified by near-me demand + local data),yes,yes,43068 43069,ok
/whole-house-water-filtration/reynoldsburg-oh/,service-x-location,A,whole-house-water-filtration,Reynoldsburg,city,Franklin County,whole house water filtration reynoldsburg oh,templated local variant (no city-level autocomplete evidence; justified by near-me demand + local data),yes,yes,43068 43069,ok
/reverse-osmosis-installation/reynoldsburg-oh/,service-x-location,A,reverse-osmosis,Reynoldsburg,city,Franklin County,reverse osmosis installation reynoldsburg oh,templated local variant (no city-level autocomplete evidence; justified by near-me demand + local data),yes,yes,43068 43069,ok
/service-area/lancaster-oh/,location-hub,A,water-treatment-purification,Lancaster,city,Fairfield County,water treatment lancaster oh,templated local variant (no city-level autocomplete evidence; justified by near-me demand + local data),yes,no,43130,ok
/water-softener-installation/lancaster-oh/,service-x-location,A,water-softener-installation,Lancaster,city,Fairfield County,water softener installation lancaster oh,templated local variant (no city-level autocomplete evidence; justified by near-me demand + local data),yes,no,43130,ok
/water-softener-repair/lancaster-oh/,service-x-location,A,water-softener-repair-service,Lancaster,city,Fairfield County,water softener repair lancaster oh,templated local variant (no city-level autocomplete evidence; justified by near-me demand + local data),yes,no,43130,ok
/whole-house-water-filtration/lancaster-oh/,service-x-location,A,whole-house-water-filtration,Lancaster,city,Fairfield County,whole house water filtration lancaster oh,templated local variant (no city-level autocomplete evidence; justified by near-me demand + local data),yes,no,43130,ok
/reverse-osmosis-installation/lancaster-oh/,service-x-location,A,reverse-osmosis,Lancaster,city,Fairfield County,reverse osmosis installation lancaster oh,templated local variant (no city-level autocomplete evidence; justified by near-me demand + local data),yes,no,43130,ok
/service-area/westerville-oh/,location-hub,A,water-treatment-purification,Westerville,city,Franklin County,water treatment westerville oh,templated local variant (no city-level autocomplete evidence; justified by near-me demand + local data),yes,yes,43081 43082 43086,ok
/water-softener-installation/westerville-oh/,service-x-location,A,water-softener-installation,Westerville,city,Franklin County,water softener installation westerville oh,templated local variant (no city-level autocomplete evidence; justified by near-me demand + local data),yes,yes,43081 43082 43086,ok
/water-softener-repair/westerville-oh/,service-x-location,A,water-softener-repair-service,Westerville,city,Franklin County,water softener repair westerville oh,templated local variant (no city-level autocomplete evidence; justified by near-me demand + local data),yes,yes,43081 43082 43086,ok
/whole-house-water-filtration/westerville-oh/,service-x-location,A,whole-house-water-filtration,Westerville,city,Franklin County,whole house water filtration westerville oh,templated local variant (no city-level autocomplete evidence; justified by near-me demand + local data),yes,yes,43081 43082 43086,ok
/reverse-osmosis-installation/westerville-oh/,service-x-location,A,reverse-osmosis,Westerville,city,Franklin County,reverse osmosis installation westerville oh,templated local variant (no city-level autocomplete evidence; justified by near-me demand + local data),yes,yes,43081 43082 43086,ok
/service-area/hilliard-oh/,location-hub,A,water-treatment-purification,Hilliard,city,Franklin County,water treatment hilliard oh,templated local variant (no city-level autocomplete evidence; justified by near-me demand + local data),yes,yes,43026,ok
/water-softener-installation/hilliard-oh/,service-x-location,A,water-softener-installation,Hilliard,city,Franklin County,water softener installation hilliard oh,templated local variant (no city-level autocomplete evidence; justified by near-me demand + local data),yes,yes,43026,ok
/water-softener-repair/hilliard-oh/,service-x-location,A,water-softener-repair-service,Hilliard,city,Franklin County,water softener repair hilliard oh,templated local variant (no city-level autocomplete evidence; justified by near-me demand + local data),yes,yes,43026,ok
/whole-house-water-filtration/hilliard-oh/,service-x-location,A,whole-house-water-filtration,Hilliard,city,Franklin County,whole house water filtration hilliard oh,templated local variant (no city-level autocomplete evidence; justified by near-me demand + local data),yes,yes,43026,ok
/reverse-osmosis-installation/hilliard-oh/,service-x-location,A,reverse-osmosis,Hilliard,city,Franklin County,reverse osmosis installation hilliard oh,templated local variant (no city-level autocomplete evidence; justified by near-me demand + local data),yes,yes,43026,ok
/service-area/upper-arlington-oh/,location-hub,A,water-treatment-purification,Upper Arlington,city,Franklin County,water treatment upper arlington oh,templated local variant (no city-level autocomplete evidence; justified by near-me demand + local data),yes,yes,43212 43220 43221,ok
/water-softener-installation/upper-arlington-oh/,service-x-location,A,water-softener-installation,Upper Arlington,city,Franklin County,water softener installation upper arlington oh,templated local variant (no city-level autocomplete evidence; justified by near-me demand + local data),yes,yes,43212 43220 43221,ok
/water-softener-repair/upper-arlington-oh/,service-x-location,A,water-softener-repair-service,Upper Arlington,city,Franklin County,water softener repair upper arlington oh,templated local variant (no city-level autocomplete evidence; justified by near-me demand + local data),yes,yes,43212 43220 43221,ok
/whole-house-water-filtration/upper-arlington-oh/,service-x-location,A,whole-house-water-filtration,Upper Arlington,city,Franklin County,whole house water filtration upper arlington oh,templated local variant (no city-level autocomplete evidence; justified by near-me demand + local data),yes,yes,43212 43220 43221,ok
/reverse-osmosis-installation/upper-arlington-oh/,service-x-location,A,reverse-osmosis,Upper Arlington,city,Franklin County,reverse osmosis installation upper arlington oh,templated local variant (no city-level autocomplete evidence; justified by near-me demand + local data),yes,yes,43212 43220 43221,ok
/service-area/gahanna-oh/,location-hub,A,water-treatment-purification,Gahanna,city,Franklin County,water treatment gahanna oh,templated local variant (no city-level autocomplete evidence; justified by near-me demand + local data),yes,yes,43230,ok
/water-softener-installation/gahanna-oh/,service-x-location,A,water-softener-installation,Gahanna,city,Franklin County,water softener installation gahanna oh,templated local variant (no city-level autocomplete evidence; justified by near-me demand + local data),yes,yes,43230,ok
/water-softener-repair/gahanna-oh/,service-x-location,A,water-softener-repair-service,Gahanna,city,Franklin County,water softener repair gahanna oh,templated local variant (no city-level autocomplete evidence; justified by near-me demand + local data),yes,yes,43230,ok
/whole-house-water-filtration/gahanna-oh/,service-x-location,A,whole-house-water-filtration,Gahanna,city,Franklin County,whole house water filtration gahanna oh,templated local variant (no city-level autocomplete evidence; justified by near-me demand + local data),yes,yes,43230,ok
/reverse-osmosis-installation/gahanna-oh/,service-x-location,A,reverse-osmosis,Gahanna,city,Franklin County,reverse osmosis installation gahanna oh,templated local variant (no city-level autocomplete evidence; justified by near-me demand + local data),yes,yes,43230,ok
/service-area/marysville-oh/,location-hub,A,water-treatment-purification,Marysville,city,Union County,water treatment marysville oh,templated local variant (no city-level autocomplete evidence; justified by near-me demand + local data),yes,no,43040 43041,ok
/water-softener-installation/marysville-oh/,service-x-location,A,water-softener-installation,Marysville,city,Union County,water softener installation marysville oh,templated local variant (no city-level autocomplete evidence; justified by near-me demand + local data),yes,no,43040 43041,ok
/water-softener-repair/marysville-oh/,service-x-location,A,water-softener-repair-service,Marysville,city,Union County,water softener repair marysville oh,templated local variant (no city-level autocomplete evidence; justified by near-me demand + local data),yes,no,43040 43041,ok
/whole-house-water-filtration/marysville-oh/,service-x-location,A,whole-house-water-filtration,Marysville,city,Union County,whole house water filtration marysville oh,templated local variant (no city-level autocomplete evidence; justified by near-me demand + local data),yes,no,43040 43041,ok
/reverse-osmosis-installation/marysville-oh/,service-x-location,A,reverse-osmosis,Marysville,city,Union County,reverse osmosis installation marysville oh,templated local variant (no city-level autocomplete evidence; justified by near-me demand + local data),yes,no,43040 43041,ok
/service-area/pickerington-oh/,location-hub,A,water-treatment-purification,Pickerington,city,Franklin County,water treatment pickerington oh,templated local variant (no city-level autocomplete evidence; justified by near-me demand + local data),yes,no,43147,ok
/water-softener-installation/pickerington-oh/,service-x-location,A,water-softener-installation,Pickerington,city,Franklin County,water softener installation pickerington oh,templated local variant (no city-level autocomplete evidence; justified by near-me demand + local data),yes,no,43147,ok
/water-softener-repair/pickerington-oh/,service-x-location,A,water-softener-repair-service,Pickerington,city,Franklin County,water softener repair pickerington oh,templated local variant (no city-level autocomplete evidence; justified by near-me demand + local data),yes,no,43147,ok
/whole-house-water-filtration/pickerington-oh/,service-x-location,A,whole-house-water-filtration,Pickerington,city,Franklin County,whole house water filtration pickerington oh,templated local variant (no city-level autocomplete evidence; justified by near-me demand + local data),yes,no,43147,ok
/reverse-osmosis-installation/pickerington-oh/,service-x-location,A,reverse-osmosis,Pickerington,city,Franklin County,reverse osmosis installation pickerington oh,templated local variant (no city-level autocomplete evidence; justified by near-me demand + local data),yes,no,43147,ok
/service-area/whitehall-oh/,location-hub,A,water-treatment-purification,Whitehall,city,Franklin County,water treatment whitehall oh,templated local variant (no city-level autocomplete evidence; justified by near-me demand + local data),yes,yes,43213,ok
/water-softener-installation/whitehall-oh/,service-x-location,A,water-softener-installation,Whitehall,city,Franklin County,water softener installation whitehall oh,templated local variant (no city-level autocomplete evidence; justified by near-me demand + local data),yes,yes,43213,ok
/water-softener-repair/whitehall-oh/,service-x-location,A,water-softener-repair-service,Whitehall,city,Franklin County,water softener repair whitehall oh,templated local variant (no city-level autocomplete evidence; justified by near-me demand + local data),yes,yes,43213,ok
/whole-house-water-filtration/whitehall-oh/,service-x-location,A,whole-house-water-filtration,Whitehall,city,Franklin County,whole house water filtration whitehall oh,templated local variant (no city-level autocomplete evidence; justified by near-me demand + local data),yes,yes,43213,ok
/reverse-osmosis-installation/whitehall-oh/,service-x-location,A,reverse-osmosis,Whitehall,city,Franklin County,reverse osmosis installation whitehall oh,templated local variant (no city-level autocomplete evidence; justified by near-me demand + local data),yes,yes,43213,ok
/service-area/pataskala-oh/,location-hub,A,water-treatment-purification,Pataskala,city,Licking County,water treatment pataskala oh,templated local variant (no city-level autocomplete evidence; justified by near-me demand + local data),no,no,43062,research utility/source before publishing (or publish without utility claims)
/water-softener-installation/pataskala-oh/,service-x-location,A,water-softener-installation,Pataskala,city,Licking County,water softener installation pataskala oh,templated local variant (no city-level autocomplete evidence; justified by near-me demand + local data),no,no,43062,research utility/source before publishing (or publish without utility claims)
/water-softener-repair/pataskala-oh/,service-x-location,A,water-softener-repair-service,Pataskala,city,Licking County,water softener repair pataskala oh,templated local variant (no city-level autocomplete evidence; justified by near-me demand + local data),no,no,43062,research utility/source before publishing (or publish without utility claims)
/whole-house-water-filtration/pataskala-oh/,service-x-location,A,whole-house-water-filtration,Pataskala,city,Licking County,whole house water filtration pataskala oh,templated local variant (no city-level autocomplete evidence; justified by near-me demand + local data),no,no,43062,research utility/source before publishing (or publish without utility claims)
/reverse-osmosis-installation/pataskala-oh/,service-x-location,A,reverse-osmosis,Pataskala,city,Licking County,reverse osmosis installation pataskala oh,templated local variant (no city-level autocomplete evidence; justified by near-me demand + local data),no,no,43062,research utility/source before publishing (or publish without utility claims)
/service-area/worthington-oh/,location-hub,A,water-treatment-purification,Worthington,city,Franklin County,water treatment worthington oh,templated local variant (no city-level autocomplete evidence; justified by near-me demand + local data),yes,yes,43085,ok
/water-softener-installation/worthington-oh/,service-x-location,A,water-softener-installation,Worthington,city,Franklin County,water softener installation worthington oh,templated local variant (no city-level autocomplete evidence; justified by near-me demand + local data),yes,yes,43085,ok
/water-softener-repair/worthington-oh/,service-x-location,A,water-softener-repair-service,Worthington,city,Franklin County,water softener repair worthington oh,templated local variant (no city-level autocomplete evidence; justified by near-me demand + local data),yes,yes,43085,ok
/whole-house-water-filtration/worthington-oh/,service-x-location,A,whole-house-water-filtration,Worthington,city,Franklin County,whole house water filtration worthington oh,templated local variant (no city-level autocomplete evidence; justified by near-me demand + local data),yes,yes,43085,ok
/reverse-osmosis-installation/worthington-oh/,service-x-location,A,reverse-osmosis,Worthington,city,Franklin County,reverse osmosis installation worthington oh,templated local variant (no city-level autocomplete evidence; justified by near-me demand + local data),yes,yes,43085,ok
/service-area/powell-oh/,location-hub,A,water-treatment-purification,Powell,city,Delaware County,water treatment powell oh,templated local variant (no city-level autocomplete evidence; justified by near-me demand + local data),yes,yes,43065,ok
/water-softener-installation/powell-oh/,service-x-location,A,water-softener-installation,Powell,city,Delaware County,water softener installation powell oh,templated local variant (no city-level autocomplete evidence; justified by near-me demand + local data),yes,yes,43065,ok
/water-softener-repair/powell-oh/,service-x-location,A,water-softener-repair-service,Powell,city,Delaware County,water softener repair powell oh,templated local variant (no city-level autocomplete evidence; justified by near-me demand + local data),yes,yes,43065,ok
/whole-house-water-filtration/powell-oh/,service-x-location,A,whole-house-water-filtration,Powell,city,Delaware County,whole house water filtration powell oh,templated local variant (no city-level autocomplete evidence; justified by near-me demand + local data),yes,yes,43065,ok
/reverse-osmosis-installation/powell-oh/,service-x-location,A,reverse-osmosis,Powell,city,Delaware County,reverse osmosis installation powell oh,templated local variant (no city-level autocomplete evidence; justified by near-me demand + local data),yes,yes,43065,ok
/service-area/bexley-oh/,location-hub,A,water-treatment-purification,Bexley,city,Franklin County,water treatment bexley oh,templated local variant (no city-level autocomplete evidence; justified by near-me demand + local data),yes,yes,43209,ok
/water-softener-installation/bexley-oh/,service-x-location,A,water-softener-installation,Bexley,city,Franklin County,water softener installation bexley oh,templated local variant (no city-level autocomplete evidence; justified by near-me demand + local data),yes,yes,43209,ok
/water-softener-repair/bexley-oh/,service-x-location,A,water-softener-repair-service,Bexley,city,Franklin County,water softener repair bexley oh,templated local variant (no city-level autocomplete evidence; justified by near-me demand + local data),yes,yes,43209,ok
/whole-house-water-filtration/bexley-oh/,service-x-location,A,whole-house-water-filtration,Bexley,city,Franklin County,whole house water filtration bexley oh,templated local variant (no city-level autocomplete evidence; justified by near-me demand + local data),yes,yes,43209,ok
/reverse-osmosis-installation/bexley-oh/,service-x-location,A,reverse-osmosis,Bexley,city,Franklin County,reverse osmosis installation bexley oh,templated local variant (no city-level autocomplete evidence; justified by near-me demand + local data),yes,yes,43209,ok
/service-area/circleville-oh/,location-hub,A,water-treatment-purification,Circleville,city,Pickaway County,water treatment circleville oh,templated local variant (no city-level autocomplete evidence; justified by near-me demand + local data),yes,yes,43113,ok
/water-softener-installation/circleville-oh/,service-x-location,A,water-softener-installation,Circleville,city,Pickaway County,water softener installation circleville oh,templated local variant (no city-level autocomplete evidence; justified by near-me demand + local data),yes,yes,43113,ok
/water-softener-repair/circleville-oh/,service-x-location,A,water-softener-repair-service,Circleville,city,Pickaway County,water softener repair circleville oh,templated local variant (no city-level autocomplete evidence; justified by near-me demand + local data),yes,yes,43113,ok
/whole-house-water-filtration/circleville-oh/,service-x-location,A,whole-house-water-filtration,Circleville,city,Pickaway County,whole house water filtration circleville oh,templated local variant (no city-level autocomplete evidence; justified by near-me demand + local data),yes,yes,43113,ok
/reverse-osmosis-installation/circleville-oh/,service-x-location,A,reverse-osmosis,Circleville,city,Pickaway County,reverse osmosis installation circleville oh,templated local variant (no city-level autocomplete evidence; justified by near-me demand + local data),yes,yes,43113,ok
/service-area/new-albany-oh/,location-hub,A,water-treatment-purification,New Albany,city,Franklin County,water treatment new albany oh,templated local variant (no city-level autocomplete evidence; justified by near-me demand + local data),yes,yes,43054,ok
/water-softener-installation/new-albany-oh/,service-x-location,A,water-softener-installation,New Albany,city,Franklin County,water softener installation new albany oh,templated local variant (no city-level autocomplete evidence; justified by near-me demand + local data),yes,yes,43054,ok
/water-softener-repair/new-albany-oh/,service-x-location,A,water-softener-repair-service,New Albany,city,Franklin County,water softener repair new albany oh,templated local variant (no city-level autocomplete evidence; justified by near-me demand + local data),yes,yes,43054,ok
/whole-house-water-filtration/new-albany-oh/,service-x-location,A,whole-house-water-filtration,New Albany,city,Franklin County,whole house water filtration new albany oh,templated local variant (no city-level autocomplete evidence; justified by near-me demand + local data),yes,yes,43054,ok
/reverse-osmosis-installation/new-albany-oh/,service-x-location,A,reverse-osmosis,New Albany,city,Franklin County,reverse osmosis installation new albany oh,templated local variant (no city-level autocomplete evidence; justified by near-me demand + local data),yes,yes,43054,ok
/service-area/heath-oh/,location-hub,A,water-treatment-purification,Heath,city,Licking County,water treatment heath oh,templated local variant (no city-level autocomplete evidence; justified by near-me demand + local data),yes,yes,43056,ok
/whole-house-water-filtration/heath-oh/,service-x-location,A,whole-house-water-filtration,Heath,city,Licking County,whole house water filtration heath oh,templated local variant (no city-level autocomplete evidence; justified by near-me demand + local data),yes,yes,43056,ok
/reverse-osmosis-installation/heath-oh/,service-x-location,A,reverse-osmosis,Heath,city,Licking County,reverse osmosis installation heath oh,templated local variant (no city-level autocomplete evidence; justified by near-me demand + local data),yes,yes,43056,ok
/service-area/london-oh/,location-hub,A,water-treatment-purification,London,city,Madison County,water treatment london oh,templated local variant (no city-level autocomplete evidence; justified by near-me demand + local data),yes,no,43140,ok
/water-softener-installation/london-oh/,service-x-location,A,water-softener-installation,London,city,Madison County,water softener installation london oh,templated local variant (no city-level autocomplete evidence; justified by near-me demand + local data),yes,no,43140,ok
/water-softener-repair/london-oh/,service-x-location,A,water-softener-repair-service,London,city,Madison County,water softener repair london oh,templated local variant (no city-level autocomplete evidence; justified by near-me demand + local data),yes,no,43140,ok
/whole-house-water-filtration/london-oh/,service-x-location,A,whole-house-water-filtration,London,city,Madison County,whole house water filtration london oh,templated local variant (no city-level autocomplete evidence; justified by near-me demand + local data),yes,no,43140,ok
/reverse-osmosis-installation/london-oh/,service-x-location,A,reverse-osmosis,London,city,Madison County,reverse osmosis installation london oh,templated local variant (no city-level autocomplete evidence; justified by near-me demand + local data),yes,no,43140,ok
/service-area/lewis-center-oh/,location-hub,A,water-treatment-purification,Lewis Center,unincorporated community,Delaware County,water treatment lewis center oh,templated local variant (no city-level autocomplete evidence; justified by near-me demand + local data),no,no,43035,research utility/source before publishing (or publish without utility claims)
/water-softener-installation/lewis-center-oh/,service-x-location,A,water-softener-installation,Lewis Center,unincorporated community,Delaware County,water softener installation lewis center oh,templated local variant (no city-level autocomplete evidence; justified by near-me demand + local data),no,no,43035,research utility/source before publishing (or publish without utility claims)
/water-softener-repair/lewis-center-oh/,service-x-location,A,water-softener-repair-service,Lewis Center,unincorporated community,Delaware County,water softener repair lewis center oh,templated local variant (no city-level autocomplete evidence; justified by near-me demand + local data),no,no,43035,research utility/source before publishing (or publish without utility claims)
/whole-house-water-filtration/lewis-center-oh/,service-x-location,A,whole-house-water-filtration,Lewis Center,unincorporated community,Delaware County,whole house water filtration lewis center oh,templated local variant (no city-level autocomplete evidence; justified by near-me demand + local data),no,no,43035,research utility/source before publishing (or publish without utility claims)
/reverse-osmosis-installation/lewis-center-oh/,service-x-location,A,reverse-osmosis,Lewis Center,unincorporated community,Delaware County,reverse osmosis installation lewis center oh,templated local variant (no city-level autocomplete evidence; justified by near-me demand + local data),no,no,43035,research utility/source before publishing (or publish without utility claims)
/service-area/canal-winchester-oh/,location-hub,A2,water-treatment-purification,Canal Winchester,city,Franklin County,water treatment canal winchester oh,templated local variant (no city-level autocomplete evidence; justified by near-me demand + local data),yes,no,43110,ok
/water-softener-installation/canal-winchester-oh/,service-x-location,A2,water-softener-installation,Canal Winchester,city,Franklin County,water softener installation canal winchester oh,templated local variant (no city-level autocomplete evidence; justified by near-me demand + local data),yes,no,43110,ok
/whole-house-water-filtration/canal-winchester-oh/,service-x-location,A2,whole-house-water-filtration,Canal Winchester,city,Franklin County,whole house water filtration canal winchester oh,templated local variant (no city-level autocomplete evidence; justified by near-me demand + local data),yes,no,43110,ok
/service-area/grandview-heights-oh/,location-hub,A2,water-treatment-purification,Grandview Heights,city,Franklin County,water treatment grandview heights oh,templated local variant (no city-level autocomplete evidence; justified by near-me demand + local data),yes,yes,43212,ok
/water-softener-installation/grandview-heights-oh/,service-x-location,A2,water-softener-installation,Grandview Heights,city,Franklin County,water softener installation grandview heights oh,templated local variant (no city-level autocomplete evidence; justified by near-me demand + local data),yes,yes,43212,ok
/whole-house-water-filtration/grandview-heights-oh/,service-x-location,A2,whole-house-water-filtration,Grandview Heights,city,Franklin County,whole house water filtration grandview heights oh,templated local variant (no city-level autocomplete evidence; justified by near-me demand + local data),yes,yes,43212,ok
/service-area/sunbury-oh/,location-hub,A2,water-treatment-purification,Sunbury,city,Delaware County,water treatment sunbury oh,templated local variant (no city-level autocomplete evidence; justified by near-me demand + local data),yes,yes,43074,ok
/water-softener-installation/sunbury-oh/,service-x-location,A2,water-softener-installation,Sunbury,city,Delaware County,water softener installation sunbury oh,templated local variant (no city-level autocomplete evidence; justified by near-me demand + local data),yes,yes,43074,ok
/whole-house-water-filtration/sunbury-oh/,service-x-location,A2,whole-house-water-filtration,Sunbury,city,Delaware County,whole house water filtration sunbury oh,templated local variant (no city-level autocomplete evidence; justified by near-me demand + local data),yes,yes,43074,ok
/service-area/groveport-oh/,location-hub,A2,water-treatment-purification,Groveport,city,Franklin County,water treatment groveport oh,templated local variant (no city-level autocomplete evidence; justified by near-me demand + local data),yes,yes,43125 43195 43196 43198 43199,ok
/water-softener-installation/groveport-oh/,service-x-location,A2,water-softener-installation,Groveport,city,Franklin County,water softener installation groveport oh,templated local variant (no city-level autocomplete evidence; justified by near-me demand + local data),yes,yes,43125 43195 43196 43198 43199,ok
/whole-house-water-filtration/groveport-oh/,service-x-location,A2,whole-house-water-filtration,Groveport,city,Franklin County,whole house water filtration groveport oh,templated local variant (no city-level autocomplete evidence; justified by near-me demand + local data),yes,yes,43125 43195 43196 43198 43199,ok
/service-area/obetz-oh/,location-hub,A2,water-treatment-purification,Obetz,city,Franklin County,water treatment obetz oh,templated local variant (no city-level autocomplete evidence; justified by near-me demand + local data),yes,yes,43207,ok
/water-softener-installation/obetz-oh/,service-x-location,A2,water-softener-installation,Obetz,city,Franklin County,water softener installation obetz oh,templated local variant (no city-level autocomplete evidence; justified by near-me demand + local data),yes,yes,43207,ok
/whole-house-water-filtration/obetz-oh/,service-x-location,A2,whole-house-water-filtration,Obetz,city,Franklin County,whole house water filtration obetz oh,templated local variant (no city-level autocomplete evidence; justified by near-me demand + local data),yes,yes,43207,ok
/service-area/johnstown-oh/,location-hub,A2,water-treatment-purification,Johnstown,city,Licking County,water treatment johnstown oh,templated local variant (no city-level autocomplete evidence; justified by near-me demand + local data),yes,no,43031,ok
/water-softener-installation/johnstown-oh/,service-x-location,A2,water-softener-installation,Johnstown,city,Licking County,water softener installation johnstown oh,templated local variant (no city-level autocomplete evidence; justified by near-me demand + local data),yes,no,43031,ok
/whole-house-water-filtration/johnstown-oh/,service-x-location,A2,whole-house-water-filtration,Johnstown,city,Licking County,whole house water filtration johnstown oh,templated local variant (no city-level autocomplete evidence; justified by near-me demand + local data),yes,no,43031,ok
/service-area/granville-oh/,location-hub,A2,water-treatment-purification,Granville,village,Licking County,water treatment granville oh,templated local variant (no city-level autocomplete evidence; justified by near-me demand + local data),yes,no,43023,ok
/water-softener-installation/granville-oh/,service-x-location,A2,water-softener-installation,Granville,village,Licking County,water softener installation granville oh,templated local variant (no city-level autocomplete evidence; justified by near-me demand + local data),yes,no,43023,ok
/whole-house-water-filtration/granville-oh/,service-x-location,A2,whole-house-water-filtration,Granville,village,Licking County,whole house water filtration granville oh,templated local variant (no city-level autocomplete evidence; justified by near-me demand + local data),yes,no,43023,ok
/service-area/ashville-oh/,location-hub,A2,water-treatment-purification,Ashville,village,Pickaway County,water treatment ashville oh,templated local variant (no city-level autocomplete evidence; justified by near-me demand + local data),no,no,43103,research utility/source before publishing (or publish without utility claims)
/water-softener-installation/ashville-oh/,service-x-location,A2,water-softener-installation,Ashville,village,Pickaway County,water softener installation ashville oh,templated local variant (no city-level autocomplete evidence; justified by near-me demand + local data),no,no,43103,research utility/source before publishing (or publish without utility claims)
/whole-house-water-filtration/ashville-oh/,service-x-location,A2,whole-house-water-filtration,Ashville,village,Pickaway County,whole house water filtration ashville oh,templated local variant (no city-level autocomplete evidence; justified by near-me demand + local data),no,no,43103,research utility/source before publishing (or publish without utility claims)
/service-area/west-jefferson-oh/,location-hub,A2,water-treatment-purification,West Jefferson,village,Madison County,water treatment west jefferson oh,templated local variant (no city-level autocomplete evidence; justified by near-me demand + local data),no,no,43119 43140 43162,research utility/source before publishing (or publish without utility claims)
/water-softener-installation/west-jefferson-oh/,service-x-location,A2,water-softener-installation,West Jefferson,village,Madison County,water softener installation west jefferson oh,templated local variant (no city-level autocomplete evidence; justified by near-me demand + local data),no,no,43119 43140 43162,research utility/source before publishing (or publish without utility claims)
/whole-house-water-filtration/west-jefferson-oh/,service-x-location,A2,whole-house-water-filtration,West Jefferson,village,Madison County,whole house water filtration west jefferson oh,templated local variant (no city-level autocomplete evidence; justified by near-me demand + local data),no,no,43119 43140 43162,research utility/source before publishing (or publish without utility claims)
/service-area/plain-city-oh/,location-hub,A2,water-treatment-purification,Plain City,village,Union County,water treatment plain city oh,templated local variant (no city-level autocomplete evidence; justified by near-me demand + local data),yes,no,43064,ok
/water-softener-installation/plain-city-oh/,service-x-location,A2,water-softener-installation,Plain City,village,Union County,water softener installation plain city oh,templated local variant (no city-level autocomplete evidence; justified by near-me demand + local data),yes,no,43064,ok
/whole-house-water-filtration/plain-city-oh/,service-x-location,A2,whole-house-water-filtration,Plain City,village,Union County,whole house water filtration plain city oh,templated local variant (no city-level autocomplete evidence; justified by near-me demand + local data),yes,no,43064,ok
/service-area/blacklick-oh/,location-hub,A2,water-treatment-purification,Blacklick,unincorporated community,Franklin County,water treatment blacklick oh,templated local variant (no city-level autocomplete evidence; justified by near-me demand + local data),no,no,43004,research utility/source before publishing (or publish without utility claims)
/water-softener-installation/blacklick-oh/,service-x-location,A2,water-softener-installation,Blacklick,unincorporated community,Franklin County,water softener installation blacklick oh,templated local variant (no city-level autocomplete evidence; justified by near-me demand + local data),no,no,43004,research utility/source before publishing (or publish without utility claims)
/whole-house-water-filtration/blacklick-oh/,service-x-location,A2,whole-house-water-filtration,Blacklick,unincorporated community,Franklin County,whole house water filtration blacklick oh,templated local variant (no city-level autocomplete evidence; justified by near-me demand + local data),no,no,43004,research utility/source before publishing (or publish without utility claims)
/service-area/galloway-oh/,location-hub,A2,water-treatment-purification,Galloway,unincorporated community,Franklin County,water treatment galloway oh,templated local variant (no city-level autocomplete evidence; justified by near-me demand + local data),no,no,43119,research utility/source before publishing (or publish without utility claims)
/water-softener-installation/galloway-oh/,service-x-location,A2,water-softener-installation,Galloway,unincorporated community,Franklin County,water softener installation galloway oh,templated local variant (no city-level autocomplete evidence; justified by near-me demand + local data),no,no,43119,research utility/source before publishing (or publish without utility claims)
/whole-house-water-filtration/galloway-oh/,service-x-location,A2,whole-house-water-filtration,Galloway,unincorporated community,Franklin County,whole house water filtration galloway oh,templated local variant (no city-level autocomplete evidence; justified by near-me demand + local data),no,no,43119,research utility/source before publishing (or publish without utility claims)
/service-area/commercial-point-oh/,location-hub,B,water-treatment-purification,Commercial Point,village,Pickaway County,water treatment commercial point oh,templated local variant (no city-level autocomplete evidence; justified by near-me demand + local data),no,no,43116,research utility/source before publishing (or publish without utility claims)
/service-area/baltimore-oh/,location-hub,B,water-treatment-purification,Baltimore,village,Fairfield County,water treatment baltimore oh,templated local variant (no city-level autocomplete evidence; justified by near-me demand + local data),no,no,43105,research utility/source before publishing (or publish without utility claims)
/service-area/buckeye-lake-oh/,location-hub,B,water-treatment-purification,Buckeye Lake,village,Licking County,water treatment buckeye lake oh,templated local variant (no city-level autocomplete evidence; justified by near-me demand + local data),no,no,43008,research utility/source before publishing (or publish without utility claims)
/service-area/hebron-oh/,location-hub,B,water-treatment-purification,Hebron,village,Licking County,water treatment hebron oh,templated local variant (no city-level autocomplete evidence; justified by near-me demand + local data),no,no,43025 43098,research utility/source before publishing (or publish without utility claims)
/service-area/south-bloomfield-oh/,location-hub,B,water-treatment-purification,South Bloomfield,village,Pickaway County,water treatment south bloomfield oh,templated local variant (no city-level autocomplete evidence; justified by near-me demand + local data),no,no,43103,research utility/source before publishing (or publish without utility claims)
/service-area/lithopolis-oh/,location-hub,B,water-treatment-purification,Lithopolis,village,Franklin County,water treatment lithopolis oh,templated local variant (no city-level autocomplete evidence; justified by near-me demand + local data),no,no,43136,research utility/source before publishing (or publish without utility claims)
/service-area/minerva-park-oh/,location-hub,B,water-treatment-purification,Minerva Park,village,Franklin County,water treatment minerva park oh,templated local variant (no city-level autocomplete evidence; justified by near-me demand + local data),yes,yes,43231,ok
/service-area/mount-sterling-oh/,location-hub,B,water-treatment-purification,Mount Sterling,village,Madison County,water treatment mount sterling oh,templated local variant (no city-level autocomplete evidence; justified by near-me demand + local data),no,no,43143,research utility/source before publishing (or publish without utility claims)
/service-area/lincoln-village-oh/,location-hub,B,water-treatment-purification,Lincoln Village,cdp,Franklin County,water treatment lincoln village oh,templated local variant (no city-level autocomplete evidence; justified by near-me demand + local data),no,no,43228,research utility/source before publishing (or publish without utility claims)
/service-area/blacklick-estates-oh/,location-hub,B,water-treatment-purification,Blacklick Estates,cdp,Franklin County,water treatment blacklick estates oh,templated local variant (no city-level autocomplete evidence; justified by near-me demand + local data),no,no,43232,research utility/source before publishing (or publish without utility claims)
/service-area/huber-ridge-oh/,location-hub,B,water-treatment-purification,Huber Ridge,cdp,Franklin County,water treatment huber ridge oh,templated local variant (no city-level autocomplete evidence; justified by near-me demand + local data),no,no,43231,research utility/source before publishing (or publish without utility claims)
/service-area/lake-darby-oh/,location-hub,B,water-treatment-purification,Lake Darby,cdp,Franklin County,water treatment lake darby oh,templated local variant (no city-level autocomplete evidence; justified by near-me demand + local data),no,no,43162,research utility/source before publishing (or publish without utility claims)
/service-area/beechwood-trails-oh/,location-hub,B,water-treatment-purification,Beechwood Trails,cdp,Licking County,water treatment beechwood trails oh,templated local variant (no city-level autocomplete evidence; justified by near-me demand + local data),no,no,43062,research utility/source before publishing (or publish without utility claims)
/service-area/choctaw-lake-oh/,location-hub,B,water-treatment-purification,Choctaw Lake,cdp,Madison County,water treatment choctaw lake oh,templated local variant (no city-level autocomplete evidence; justified by near-me demand + local data),no,no,43140,research utility/source before publishing (or publish without utility claims)
/service-area/harbor-hills-oh/,location-hub,B,water-treatment-purification,Harbor Hills,cdp,Licking County,water treatment harbor hills oh,templated local variant (no city-level autocomplete evidence; justified by near-me demand + local data),no,no,43030,research utility/source before publishing (or publish without utility claims)
/service-area/franklin-county-oh/,county-hub,county,water-treatment-purification,,,Franklin County,water treatment franklin county ohio,templated local variant (no city-level autocomplete evidence; justified by near-me demand + local data),n/a,n/a,,ok
/well-water-treatment/franklin-county-oh/,service-x-county,county,well-water-treatment,,,Franklin County,well water treatment franklin county ohio,templated local variant (no city-level autocomplete evidence; justified by near-me demand + local data),n/a,n/a,,ok
/well-water-testing/franklin-county-oh/,service-x-county,county,water-testing,,,Franklin County,franklin county ohio well water testing,pattern evidence: '<county> county ohio well water testing' surfaced in autocomplete for other Ohio counties,n/a,n/a,,ok
/service-area/delaware-county-oh/,county-hub,county,water-treatment-purification,,,Delaware County,water treatment delaware county ohio,templated local variant (no city-level autocomplete evidence; justified by near-me demand + local data),n/a,n/a,,ok
/well-water-treatment/delaware-county-oh/,service-x-county,county,well-water-treatment,,,Delaware County,well water treatment delaware county ohio,templated local variant (no city-level autocomplete evidence; justified by near-me demand + local data),n/a,n/a,,ok
/well-water-testing/delaware-county-oh/,service-x-county,county,water-testing,,,Delaware County,delaware county ohio well water testing,pattern evidence: '<county> county ohio well water testing' surfaced in autocomplete for other Ohio counties,n/a,n/a,,ok
/service-area/licking-county-oh/,county-hub,county,water-treatment-purification,,,Licking County,water treatment licking county ohio,templated local variant (no city-level autocomplete evidence; justified by near-me demand + local data),n/a,n/a,,ok
/well-water-treatment/licking-county-oh/,service-x-county,county,well-water-treatment,,,Licking County,well water treatment licking county ohio,templated local variant (no city-level autocomplete evidence; justified by near-me demand + local data),n/a,n/a,,ok
/well-water-testing/licking-county-oh/,service-x-county,county,water-testing,,,Licking County,licking county ohio well water testing,pattern evidence: '<county> county ohio well water testing' surfaced in autocomplete for other Ohio counties,n/a,n/a,,ok
/service-area/fairfield-county-oh/,county-hub,county,water-treatment-purification,,,Fairfield County,water treatment fairfield county ohio,templated local variant (no city-level autocomplete evidence; justified by near-me demand + local data),n/a,n/a,,ok
/well-water-treatment/fairfield-county-oh/,service-x-county,county,well-water-treatment,,,Fairfield County,well water treatment fairfield county ohio,templated local variant (no city-level autocomplete evidence; justified by near-me demand + local data),n/a,n/a,,ok
/well-water-testing/fairfield-county-oh/,service-x-county,county,water-testing,,,Fairfield County,fairfield county ohio well water testing,pattern evidence: '<county> county ohio well water testing' surfaced in autocomplete for other Ohio counties,n/a,n/a,,ok
/service-area/union-county-oh/,county-hub,county,water-treatment-purification,,,Union County,water treatment union county ohio,templated local variant (no city-level autocomplete evidence; justified by near-me demand + local data),n/a,n/a,,ok
/well-water-treatment/union-county-oh/,service-x-county,county,well-water-treatment,,,Union County,well water treatment union county ohio,templated local variant (no city-level autocomplete evidence; justified by near-me demand + local data),n/a,n/a,,ok
/well-water-testing/union-county-oh/,service-x-county,county,water-testing,,,Union County,union county ohio well water testing,pattern evidence: '<county> county ohio well water testing' surfaced in autocomplete for other Ohio counties,n/a,n/a,,ok
/service-area/madison-county-oh/,county-hub,county,water-treatment-purification,,,Madison County,water treatment madison county ohio,templated local variant (no city-level autocomplete evidence; justified by near-me demand + local data),n/a,n/a,,ok
/well-water-treatment/madison-county-oh/,service-x-county,county,well-water-treatment,,,Madison County,well water treatment madison county ohio,templated local variant (no city-level autocomplete evidence; justified by near-me demand + local data),n/a,n/a,,ok
/well-water-testing/madison-county-oh/,service-x-county,county,water-testing,,,Madison County,madison county ohio well water testing,pattern evidence: '<county> county ohio well water testing' surfaced in autocomplete for other Ohio counties,n/a,n/a,,ok
/service-area/pickaway-county-oh/,county-hub,county,water-treatment-purification,,,Pickaway County,water treatment pickaway county ohio,templated local variant (no city-level autocomplete evidence; justified by near-me demand + local data),n/a,n/a,,ok
/well-water-treatment/pickaway-county-oh/,service-x-county,county,well-water-treatment,,,Pickaway County,well water treatment pickaway county ohio,templated local variant (no city-level autocomplete evidence; justified by near-me demand + local data),n/a,n/a,,ok
/well-water-testing/pickaway-county-oh/,service-x-county,county,water-testing,,,Pickaway County,pickaway county ohio well water testing,pattern evidence: '<county> county ohio well water testing' surfaced in autocomplete for other Ohio counties,n/a,n/a,,ok
/service-area/columbus-oh/argyle-park/,neighborhood,neighborhood,water-treatment-purification,Argyle Park,neighborhood,Franklin County,water softener and filtration argyle park columbus,templated local variant (no city-level autocomplete evidence; justified by near-me demand + local data),yes,yes,43211,ok
/service-area/columbus-oh/berwick/,neighborhood,neighborhood,water-treatment-purification,Berwick,neighborhood,Franklin County,water softener and filtration berwick columbus,templated local variant (no city-level autocomplete evidence; justified by near-me demand + local data),yes,yes,43209,ok
/service-area/columbus-oh/brewery-district/,neighborhood,neighborhood,water-treatment-purification,Brewery District,neighborhood,Franklin County,water softener and filtration brewery district columbus,templated local variant (no city-level autocomplete evidence; justified by near-me demand + local data),yes,yes,43206 43215,ok
/service-area/columbus-oh/briggsdale/,neighborhood,neighborhood,water-treatment-purification,Briggsdale,neighborhood,Franklin County,water softener and filtration briggsdale columbus,templated local variant (no city-level autocomplete evidence; justified by near-me demand + local data),yes,yes,43223,ok
/service-area/columbus-oh/cherry-creek/,neighborhood,neighborhood,water-treatment-purification,Cherry Creek,neighborhood,Franklin County,water softener and filtration cherry creek columbus,templated local variant (no city-level autocomplete evidence; justified by near-me demand + local data),yes,yes,43228,ok
/service-area/columbus-oh/clintonville/,neighborhood,neighborhood,water-treatment-purification,Clintonville,neighborhood,Franklin County,water softener and filtration clintonville columbus,templated local variant (no city-level autocomplete evidence; justified by near-me demand + local data),yes,yes,43202 43214,ok
/service-area/columbus-oh/driving-park/,neighborhood,neighborhood,water-treatment-purification,Driving Park,neighborhood,Franklin County,water softener and filtration driving park columbus,templated local variant (no city-level autocomplete evidence; justified by near-me demand + local data),yes,yes,43205,ok
/service-area/columbus-oh/fifth-by-northwest/,neighborhood,neighborhood,water-treatment-purification,Fifth by Northwest,neighborhood,Franklin County,water softener and filtration fifth by northwest columbus,templated local variant (no city-level autocomplete evidence; justified by near-me demand + local data),yes,yes,43212,ok
/service-area/columbus-oh/forest-park/,neighborhood,neighborhood,water-treatment-purification,Forest Park,neighborhood,Franklin County,water softener and filtration forest park columbus,templated local variant (no city-level autocomplete evidence; justified by near-me demand + local data),yes,yes,43229,ok
/service-area/columbus-oh/franklinton/,neighborhood,neighborhood,water-treatment-purification,Franklinton,neighborhood,Franklin County,water softener and filtration franklinton columbus,templated local variant (no city-level autocomplete evidence; justified by near-me demand + local data),yes,yes,43215 43222 43223,ok
/service-area/columbus-oh/georgian-heights/,neighborhood,neighborhood,water-treatment-purification,Georgian Heights,neighborhood,Franklin County,water softener and filtration georgian heights columbus,templated local variant (no city-level autocomplete evidence; justified by near-me demand + local data),yes,yes,43204,ok
/service-area/columbus-oh/german-village/,neighborhood,neighborhood,water-treatment-purification,German Village,neighborhood,Franklin County,water softener and filtration german village columbus,templated local variant (no city-level autocomplete evidence; justified by near-me demand + local data),yes,yes,43206,ok
/service-area/columbus-oh/glen-echo/,neighborhood,neighborhood,water-treatment-purification,Glen Echo,neighborhood,Franklin County,water softener and filtration glen echo columbus,templated local variant (no city-level autocomplete evidence; justified by near-me demand + local data),yes,yes,43202,ok
/service-area/columbus-oh/harrison-west/,neighborhood,neighborhood,water-treatment-purification,Harrison West,neighborhood,Franklin County,water softener and filtration harrison west columbus,templated local variant (no city-level autocomplete evidence; justified by near-me demand + local data),yes,yes,43201 43212 43215,ok
/service-area/columbus-oh/holly-hill/,neighborhood,neighborhood,water-treatment-purification,Holly Hill,neighborhood,Franklin County,water softener and filtration holly hill columbus,templated local variant (no city-level autocomplete evidence; justified by near-me demand + local data),yes,yes,43204,ok
/service-area/columbus-oh/hungarian-village/,neighborhood,neighborhood,water-treatment-purification,Hungarian Village,neighborhood,Franklin County,water softener and filtration hungarian village columbus,templated local variant (no city-level autocomplete evidence; justified by near-me demand + local data),yes,yes,43207,ok
/service-area/columbus-oh/italian-village/,neighborhood,neighborhood,water-treatment-purification,Italian Village,neighborhood,Franklin County,water softener and filtration italian village columbus,templated local variant (no city-level autocomplete evidence; justified by near-me demand + local data),yes,yes,43201 43215,ok
/service-area/columbus-oh/king-lincoln-bronzeville/,neighborhood,neighborhood,water-treatment-purification,King-Lincoln Bronzeville,neighborhood,Franklin County,water softener and filtration king-lincoln bronzeville columbus,templated local variant (no city-level autocomplete evidence; justified by near-me demand + local data),yes,yes,43203,ok
/service-area/columbus-oh/linden/,neighborhood,neighborhood,water-treatment-purification,Linden,neighborhood,Franklin County,water softener and filtration linden columbus,templated local variant (no city-level autocomplete evidence; justified by near-me demand + local data),yes,yes,43211 43224,ok
/service-area/columbus-oh/milo-grogan/,neighborhood,neighborhood,water-treatment-purification,Milo-Grogan,neighborhood,Franklin County,water softener and filtration milo-grogan columbus,templated local variant (no city-level autocomplete evidence; justified by near-me demand + local data),yes,yes,43201,ok
/service-area/columbus-oh/murray-hill/,neighborhood,neighborhood,water-treatment-purification,Murray Hill,neighborhood,Franklin County,water softener and filtration murray hill columbus,templated local variant (no city-level autocomplete evidence; justified by near-me demand + local data),yes,yes,43228,ok
/service-area/columbus-oh/near-east-side/,neighborhood,neighborhood,water-treatment-purification,Near East Side,neighborhood,Franklin County,water softener and filtration near east side columbus,templated local variant (no city-level autocomplete evidence; justified by near-me demand + local data),yes,yes,43203,ok
/service-area/columbus-oh/northland/,neighborhood,neighborhood,water-treatment-purification,Northland,neighborhood,Franklin County,water softener and filtration northland columbus,templated local variant (no city-level autocomplete evidence; justified by near-me demand + local data),yes,yes,43229 43230 43231,ok
/service-area/columbus-oh/olde-towne-east/,neighborhood,neighborhood,water-treatment-purification,Olde Towne East,neighborhood,Franklin County,water softener and filtration olde towne east columbus,templated local variant (no city-level autocomplete evidence; justified by near-me demand + local data),yes,yes,43205,ok
/service-area/columbus-oh/riverbend/,neighborhood,neighborhood,water-treatment-purification,Riverbend,neighborhood,Franklin County,water softener and filtration riverbend columbus,templated local variant (no city-level autocomplete evidence; justified by near-me demand + local data),yes,yes,43223,ok
/service-area/columbus-oh/short-north/,neighborhood,neighborhood,water-treatment-purification,Short North,neighborhood,Franklin County,water softener and filtration short north columbus,templated local variant (no city-level autocomplete evidence; justified by near-me demand + local data),yes,yes,43201 43215,ok
/service-area/columbus-oh/southern-orchards/,neighborhood,neighborhood,water-treatment-purification,Southern Orchards,neighborhood,Franklin County,water softener and filtration southern orchards columbus,templated local variant (no city-level autocomplete evidence; justified by near-me demand + local data),yes,yes,43206,ok
/service-area/columbus-oh/the-hilltop/,neighborhood,neighborhood,water-treatment-purification,The Hilltop,neighborhood,Franklin County,water softener and filtration the hilltop columbus,templated local variant (no city-level autocomplete evidence; justified by near-me demand + local data),yes,yes,43204 43222 43223 43228,ok
/service-area/columbus-oh/university-district/,neighborhood,neighborhood,water-treatment-purification,University District,neighborhood,Franklin County,water softener and filtration university district columbus,templated local variant (no city-level autocomplete evidence; justified by near-me demand + local data),yes,yes,43202,ok
/service-area/columbus-oh/victorian-village/,neighborhood,neighborhood,water-treatment-purification,Victorian Village,neighborhood,Franklin County,water softener and filtration victorian village columbus,templated local variant (no city-level autocomplete evidence; justified by near-me demand + local data),yes,yes,43201 43215,ok
/service-area/columbus-oh/weinland-park/,neighborhood,neighborhood,water-treatment-purification,Weinland Park,neighborhood,Franklin County,water softener and filtration weinland park columbus,templated local variant (no city-level autocomplete evidence; justified by near-me demand + local data),yes,yes,43201,ok
/service-area/columbus-oh/westgate/,neighborhood,neighborhood,water-treatment-purification,Westgate,neighborhood,Franklin County,water softener and filtration westgate columbus,templated local variant (no city-level autocomplete evidence; justified by near-me demand + local data),yes,yes,43204,ok
/service-area/columbus-oh/woodland-park/,neighborhood,neighborhood,water-treatment-purification,Woodland Park,neighborhood,Franklin County,water softener and filtration woodland park columbus,templated local variant (no city-level autocomplete evidence; justified by near-me demand + local data),yes,yes,43203 43219,ok
/service-area/columbus-oh/east-columbus/,neighborhood,neighborhood,water-treatment-purification,East Columbus,neighborhood (city planning area),Columbus,water softener and filtration east columbus columbus,templated local variant (no city-level autocomplete evidence; justified by near-me demand + local data),yes,yes,43219,ok
/service-area/columbus-oh/far-east/,neighborhood,neighborhood,water-treatment-purification,Far East,neighborhood (city planning area),Columbus,water softener and filtration far east columbus,templated local variant (no city-level autocomplete evidence; justified by near-me demand + local data),yes,yes,43213,ok
/service-area/columbus-oh/far-north/,neighborhood,neighborhood,water-treatment-purification,Far North,neighborhood (city planning area),Columbus,water softener and filtration far north columbus,templated local variant (no city-level autocomplete evidence; justified by near-me demand + local data),yes,yes,43236 43240,ok
/service-area/columbus-oh/far-northwest/,neighborhood,neighborhood,water-treatment-purification,Far Northwest,neighborhood (city planning area),Columbus,water softener and filtration far northwest columbus,templated local variant (no city-level autocomplete evidence; justified by near-me demand + local data),yes,yes,43085,ok
/service-area/columbus-oh/far-south/,neighborhood,neighborhood,water-treatment-purification,Far South,neighborhood (city planning area),Columbus,water softener and filtration far south columbus,templated local variant (no city-level autocomplete evidence; justified by near-me demand + local data),yes,yes,43207,ok
/service-area/columbus-oh/far-west/,neighborhood,neighborhood,water-treatment-purification,Far West,neighborhood (city planning area),Columbus,water softener and filtration far west columbus,templated local variant (no city-level autocomplete evidence; justified by near-me demand + local data),yes,yes,43228,ok
/service-area/columbus-oh/hayden-run/,neighborhood,neighborhood,water-treatment-purification,Hayden Run,neighborhood (city planning area),Columbus,water softener and filtration hayden run columbus,templated local variant (no city-level autocomplete evidence; justified by near-me demand + local data),yes,yes,43220,ok
/service-area/columbus-oh/mid-east/,neighborhood,neighborhood,water-treatment-purification,Mid East,neighborhood (city planning area),Columbus,water softener and filtration mid east columbus,templated local variant (no city-level autocomplete evidence; justified by near-me demand + local data),yes,yes,43227,ok
/service-area/columbus-oh/northeast/,neighborhood,neighborhood,water-treatment-purification,Northeast,neighborhood (city planning area),Columbus,water softener and filtration northeast columbus,templated local variant (no city-level autocomplete evidence; justified by near-me demand + local data),yes,yes,43219,ok
/service-area/columbus-oh/northwest/,neighborhood,neighborhood,water-treatment-purification,Northwest,neighborhood (city planning area),Columbus,water softener and filtration northwest columbus,templated local variant (no city-level autocomplete evidence; justified by near-me demand + local data),yes,yes,43220,ok
/service-area/columbus-oh/rocky-fork-blacklick/,neighborhood,neighborhood,water-treatment-purification,Rocky Fork-Blacklick,neighborhood (city planning area),Columbus,water softener and filtration rocky fork-blacklick columbus,templated local variant (no city-level autocomplete evidence; justified by near-me demand + local data),yes,yes,43231,ok
/service-area/columbus-oh/south-east/,neighborhood,neighborhood,water-treatment-purification,South East,neighborhood (city planning area),Columbus,water softener and filtration south east columbus,templated local variant (no city-level autocomplete evidence; justified by near-me demand + local data),yes,yes,43232,ok
/service-area/columbus-oh/westland/,neighborhood,neighborhood,water-treatment-purification,Westland,neighborhood (city planning area),Columbus,water softener and filtration westland columbus,templated local variant (no city-level autocomplete evidence; justified by near-me demand + local data),yes,yes,43228,ok
